85,-123,24,60,-29,10,95,-46,63,-65,93,5,-39,-33,53,-82,83,-43,-53,-23,-89,-31,46,36,-116,106,45,-115,84,-127,-125,-45,-37,18,-78,84,-74,-35,64,-9,40,-108,-10,-67,127,-18,-33,3,94,-62,-107,-44,26,-124,-52,-11,51,47,-48,69,37,-122,-103,-97,99,-88,70,-37,-123,60,-18,-66,118,-97,-121,123,38,87,-25,58,-67,-52,-88,125,-44,43,-10,-24,-45,-45,19,-52,-82,-127,-53,-127,125,-34,-79,7,79,-95,107,85,-35,-4,-34,-115,62,41,-38,74,-37,-37,-1,83,85,38,-67,-94,107,-29,-25,-59,-9,41,21,-64,-98,5,90,-106,58,-73,-94,-49,62,-110,12,99,60,77,29,101,7,31,124,117,-103,7,100,-113,-16,48,-59,-127,-86,-113,-72,-32,75,123,-35,11,50,-22,25,33,70,-90,26,60,-108,86,-31,-46,-87,-55,28,-10,42,89,-26,-121,-52,-70,-112,46,72,35,-108,-5,-77,120,-52,-23,4,55,-47,17,-109,-82,-80,-22,81,-121,-51,38,-45,106,84,97,-116,62,-114,70,53,-120,35,112,96,-105,35,32,71,24,-64,66,-99,-72,120,-68,-79,-39,-111,-102,30,-18,-79,107,127,112,-98,88,-16,-15,40,-45,68,-5,113,-36,-22,-19,-47,105,-121,-29,-91,-93,-66,-80,7,-8,-19,14,-13,126,61,100,78,-1,102,-73,-113,60,-6,76,124,-86,87,110,-72,39,-1,99,27,89,-65,-41,-17,69,6,-38,-126,13,-116,117,42,-25,26,-114,75,59,-18,0,-11,-81,-24,0,-126,-120,-51,-60,40,-19,-63,28,18,-114,-21,91,73,77,97,15,16,-91,116,119,-47,88,-104,-78,-67,8,33,83,72,116,-81,71,-66,92,-11,-125,106,-49,-121,54,-47,10,-55,70,-46,31,37,33,92,-108,53,-3,106,-115,49,72,126,-58,63,24,-61,127,103,-123,110,60,-10,81,113,-13,46,123,23,-11,84,35,-79,-52,-33,-105,-66,70,-64,61,-96,-26,-18,-128,-80,44,5,-1,13,30,49,33,72,-118,-67,96,97,33,-8,2,-78,-41,20,-97,-63,-56,-28,9,-20,2,55,-104,-88,-56,-9,-106,-57,-118,-110,-55,65,89,87,-116,-40,-49,-55,123,-75,54,-90,-49,-117,-92,53,-61,56,47,-20,22,-28,41,79,-92,41,-45,0,113,-42,-61,68,-116,99,-53,3,-59,-49,1,2,20,-127,60,77,-25,64,-77,-73,-42,109,-34,-90,-73,-73,83,-51,-105,101,-67,78,4,18,-61,-13,-38,-78,90,-53,14,-4,-67,32,74,6,-19,63,71,30,-126,21,93,102,86,120,-75,114,114,-16,-105,51,-39,-31,-16,-89,-22,-38,-61,-39,-126,-76,-62,-121,-98,5,-66,24,-122,118,-13,45,-81,-116,-122,82,-77,30,99,-93,-91,68,-49,103,39,112,-55,64,-1,82,-55,93,54,-13,71,-121,108,48,-68,116,60,-67,11,-90,-25,-115,-75,78,37,125,-35,-6,9,90,-116,-53,-66,-41,67,-9,-73,-32,80,-122,-32,100,87,41,71,87,11,80,-101,-34,-79,59,98,-123,29,-103,108,-75,100,94,-61,-107,-85,-44,-49,96,96,-114,34,82,39,47,83,122,7,37,89,-88,-37,-1,122,118,-83,45,9
35,119,49,30,52,-35,45,-90,-76,106,94,107,102,-24,90,-14,-4,52,107,35,95,80,-79,-116,52,96,-117,-4,-109,-55,63,-128,-29,-115,20,74,-36,-26,41,34,46,88,-3,-30,111,-127,-9,-11,-10,99,-38,-108,110,-57,-59,110,52,-12,36,-113,-78,-47,-60,-66,-67,40,94,42,50,-21,69,-84,90,-27,99,-22,-69,-47,-38,62,-71,-65,12,-55,46,-15,116,-113,7,14,121,42,-128,39,-115,59,-4,-117,-96,-40,-16,57,21,101,108,-112,-110,-92,-81,36,-17,89,38,-120,-73,-26,26,-58,-60,87,-29,111,40,-44,86,61,-61,55,-13,100,91,125,26,-1,92,-85,-2,83,-34,-124,45,12,120,-122,32,91,3,119,-73,2,44,-18,-125,-124,63,-60,-47,-34,29,78,-82,103,-85,55,66,-72,87,-90,-73,-43,-110,-45,32,-99,-27,-1,-20,-72,76,-52,61,66,17,-91,-116,39,34,105,-77,29,-128,-27,13,63,-113,8,57,-125,99,88,119,-122,-70,-92,-80,74,16,-76,63,94,-81,48,85,-93,40,-127,44,-119,-28,81,-82,33,8,42,25,-125,120,-35,-103,69,19,-35,-84,-84,-6,10,73,-123,69,70,17,-91,-102,-80,-70,-85,-9,-51,-128,-2,-27,-34,52,35,-91,-7,-118,67,54,-88,109,-28,6,112,-22,88,-65,-25,89,99,31,109,-3,79,59,2,73,85,-82,-123,41,-70,1,13,11,-59,91,104,5,-84,70,4,3,80,-118,36,69,19,-47,43,-42,-6,-47,58,-68,56,-31,-1,82,-55,53,-99,98,55,-90,-115,126,120,-85,-47,27,-30,24,-15,26,-64,97,-49,-85,55,-90,-118,-37,-63,-102,-83,-34,47,37,-86,-120,-88,23,67,-61,97,29,108,90,2,114,-48,-63,-84,77,69,47,79,70,-100,-128,0,15,0,-124,-34,83,95,84,-47,-106,-106,32,89,123,113,-24,-11,8,69,16,-80,81,-94,45,-71,-49,73,-96,3,-62,48,-56,-104,-69,31,7,-21,88,-101,18,49,-41,-19,27,112,-54,41,63,-31,-103,91,-106,-117,-106,-39,12,77,1,5,30,-84,127,74,-21,-10,-40,1,-107,-52,37,98,90,-104,-103,-29,-94,17,98,-122,-45,118,-104,-87,-89,-31,-104,79,-70,6,47,-65,37,-99,-20,-110,-66,69,85,-41,-118,-100,125,-120,97,32,32,-33,-104,124,22,79,-104,99,-77,6,-16,58,-86,-53,73,-58,-87,124,53,49,111,115,22,57,-52,-87,-5,-45,15,51,-101,-53,-14,15,83,-58,123,62,-96,-120,-114,-73,93,4,-120,82,13,-108,-61,-69,68,42,-90,-123,27,-105,-20,-30,30,-6,102,-126,85,-50,-47,61,-127,-6,87,-52,-25,-10,-14,-109,87,-7,67,-56,-17,-94,-95,69,23,55,-35,-30,-17,98,107,30,121,58,125,-110,35,8,-45,9,-13,58,122,-30,103,-75,-52,42,-44,-12,-27,87,-106,17,-105,-59,63,-41,79,16,126,-77,23,92,84,-26,105,1,121,-125,-106,-97,-85,57,-38,-84,33,-66,68,-57,-128,-66,-34,-37,105,-34,-53,15,38,-57,-127,-127,60,-16,93,16,73,-33,-19,-104,104,41,-64,103,70,22,-50,-53,81,34,127,6,-93,4,-1,45
-103,-123,-86,102,38,-24,-98,-74,-30,126,72,117,-89,59,-95,-2,8,-25,103,121,-54,56,15,83,-108,17,-69,12,-80,98,116,-2,-22,10,-92,7,-84,25,-27,40,-109,31,-84,29,5,118,35,-121,112,-85,-123,12,110,-127,-97,-77,98,88,42,-11,74,-2,85,11,-2,117,13,-91,102,-90,-117,52,89,-63,-65,-83,9,-60,-69,19,106,-95,127,75,108,118,-109,72,-53,-76,30,-22,-71,-9,57,92,98,-80,126,126,-69,95,-67,89,-4,-97,123,-13,-25,116,-73,43,100,-88,-128,-119,84,33,27,-106,25,-63,36,26,18,-51,-49,-110,10,93,123,-95,32,-60,33,101,-6,8,-64,-71,59,-97,124,-113,34,-14,-108,7,-117,-69,-36,-85,110,-102,-94,-32,125,109,54,9,-107,125,-89,12,-122,-87,20,82,41,-30,125,40,-20,6,123,-32,48,-11,33,-125,-7,26,13,58,23,33,120,11,69,45,-103,-117,106,33,100,3,-29,-7,19,117,-79,-61,76,93,-7,-40,97,-41,86,27,-105,-8,-76,-105,103,35,32,78,-105,46,75,72,-59,32,-82,-21,29,89,60,-52,-32,-24,99,2,-121,17,-94,121,-91,73,-65,17,-75,-99,104,-77,66,-87,-122,52,78,111,77,-5,-64,-52,38,115,29,-32,-107,-96,-52,112,-109,-127,-59,62,40,-91,-124,-58,-40,27,-76,53,-90,18,-78,7,-101,-118,-74,25,76,88,-113,-73,-115,-100,99,19,25,1,-35,-12,22,103,15,-32,-97,41,27,-27,-94,110,-83,41,77,-101,71,124,32,33,-60,51,63,36,-125,-52,103,-51,-75,96,-40,27,-42,95,-78,76,-88,-33,126,13,59,-95,17,122,-27,-128,77,-81,-92,-91,110,19,127,-73,-33,47,86,52,105,101,109,-98,-34,40,-57,-111,-78,-115,-1,-81,23,-14,-119,-23,-94,-20,-4,-33,96,-79,-93,124,115,19,80,-112,-50,-30,102,-61,107,125,-36,-43,-25,22,2,-71,53,-73,-111,40,96,22,-114,21,0,-90,21,47,-39,-110,110,48,-21,76,-7,67,119,-111,-68,4,59,-20,-113,9,-110,121,25,82,-83,-22,59,-9,72,-60,-36,-52,-35,-83,-87,-104,111,-68,-93,15,-105,-99,-97,115,-32,114,-96,-1,-45,117,-39,115,110,1,37,42,22,-33,4,74,-40,-88,-72,104,94,-14,125,104,80,38,74,-126,-75,109,-108,-57,60,127,-101,93,-125,-5,-61,-61,-71,-28,69,14,-62,-108,114,87,91,53,-56,68,112,-25,-18,-15,91,63,-12,-95,-66,-20,-67,-107,-99,47,122,32,-48,-51,-62,126,-57,-102,-82,-43,30,25,-76,88,-94,-19,-95,-120,39,-120,-6,-42,91,124,-82,63,64,114,99,27,-77,116,-8,123,63,-124,-98,-90,-104,-127,103,-124,-27,109,89,13,-99,-38,82,-19,-94,15,-6,-124,124,63,-79,114,105,127,-60,-2,3,73,103,35,-81,94,-102,-103,111,38,80,21,-30,0,-77,121,5,29,13,-117,-57,-96,60,-55,115,6,-101,19,-107,54,-121,45,-6,-117,96,-113,43,-85,-43,-2,26,-43,58,-80,-49,102,80,-50,-114,2,12,40,-67,60,-61,-13,74,4,101,27,-94,-117,49,34,100,-4,26,-12
61,92,42,82,91,-30,-71,52,117,-72,97,-92,-39,61,20,-64,80,22,-60,-108,14,16,70,85,-69,-115,12,-126,107,30,110,71,-3,-77,25,-48,-120,-96,15,22,41,-93,82,-16,-81,-23,-91,-37,102,85,-34,18,113,71,-77,-45,1,-21,-80,58,-39,-14,-68,30,-71,112,20,-98,113,26,86,-126,-66,108,87,-115,-78,21,64,80,-45,-79,51,-107,74,45,-46,-127,53,-18,-64,111,58,-40,34,-98,-71,14,-75,-98,-116,-90,-128,111,-54,-41,97,-60,58,48,77,107,-126,65,-79,72,26,70,-78,66,-94,42,19,25,-54,104,-124,-86,-24,-93,-6,2,43,82,-77,-5,102,-114,-33,88,-43,-78,127,-24,125,58,90,-33,-14,-107,89,-12,-39,-111,-93,73,-118,61,16,13,16,-100,22,20,-59,8,-69,33,21,-25,1,-40,76,33,-4,-85,127,-54,-77,-46,-19,38,-59,63,-31,-75,-83,-123,-25,65,101,79,-28,-97,-125,-17,-83,-36,103,95,-59,72,20,40,108,40,8,-81,119,16,-44,0,118,72,-106,34,74,-124,-9,88,85,71,-45,-108,-23,45,41,2,-74,30,51,50,98,-2,-45,-16,-48,47,-97,39,56,-86,-106,-122,-61,22,59,12,80,-40,29,-101,101,5,-113,-94,33,-24,111,-73,-45,35,68,-71,-120,-124,-1,-25,58,42,5,-99,-51,96,109,-33,-40,51,69,22,80,-109,7,52,-52,85,-45,116,-95,-97,-88,-33,92,-89,46,-77,-26,-101,-78,49,-117,-6,-100,-14,27,-90,50,66,-69,12,90,9,87,32,-11,-61,54,78,10,6,-128,109,-8,-96,-41,-23,115,-103,-46,73,-64,-50,-61,-41,-113,-122,117,48,120,40,-35,-10,114,-128,6,-103,68,-105,35,52,-65,2,-91,-9,-54,-81,-13,-19,-127,19,-98,-105,35,-17,-61,-20,68,-6,115,105,-37,80,117,47,3,-83,-59,-23,-54,11,102,32,-98,7,-95,-5,7,40,59,-92,68,-33,-73,52,32,-18,-116,107,-101,-118,118,52,96,19,-58,19,30,-92,-53,-31,50,126,-57,-110,23,91,-2,50,-6,91,14,-29,-120,-21,15,67,17,68,95,73,-2,20,65,81,-45,6,-21,-90,14,-55,-5,119,-46,35,24,-114,19,-10,70,10,75,-86,-117,-6,-109,91,89,45,-49,-73,-126,-123,-37,17,-38,112,21,43,-54,58,127,-91,-123,9,-92,-95,-32,-62,-99,67,-68,111,-43,33,-103,-30,34,2,7,62,47,44,125,-4,-34,97,-110,-111,-5,110,65,81,114,-51,80,108,-62,36,21,-125,-52,108,31,-12,44,-30,98,51,-46,-53,-38,25,-45,-26,-31,22,-122,-37,5,-75,-76,6,118,0,76,-60,31,110,-40,-14,114,93,127,-106,-76,-98,51,114,84,47,96,3,91,-92,-59,9,120,-106,-118,-25,6,-89,120,46,-105,67,-30,-86,39,86,127,-21,-77,-126,-59,121,-69,-36,-47,76,-117,-54,-91,122,111,100,101,57,-76,-8,74,-108,-112,-34,118,52,-16,34,-42,-49,54,76,92,-52,44,-80,60,33,52,-51,-5,99,-4,-20,14,119,42,-83,105,-101,-78,-4,-91,-70,-118,-86,-20,27,-23,-86,-106,-67,-108,-62,94,13,90,110,14,44
58,-67,-61,-2,-9,67,-128,9,65,-63,-13,70,12,-42,-94,44,-122,44,-128,-42,-19,-89,-126,115,13,-19,-14,32,-87,-21,84,9,17,-14,44,-127,68,98,57,-35,35,87,-87,29,-56,53,-43,47,10,86,-28,-51,30,70,-71,27,-104,56,-35,-52,-7,24,-66,-70,82,-72,103,73,79,89,-93,80,115,-2,1,-124,-58,34,-15,63,100,-37,-122,-56,103,-34,109,51,117,2,-122,89,-55,-9,113,83,59,72,74,-77,71,-35,-65,53,-102,-120,-46,37,-56,-31,-89,15,39,92,96,8,62,8,66,70,-45,-116,-18,-21,-23,118,-99,-99,-67,15,22,-42,95,49,-125,27,95,-10,121,101,71,-128,-52,-96,-51,70,109,75,18,-110,-77,60,-77,-102,127,-126,80,119,-20,114,48,98,86,73,-15,80,-128,-46,-19,58,13,30,90,77,118,-13,-108,100,-85,-90,-75,2,117,-93,-21,-72,-27,-84,26,32,123,-73,-30,31,-109,17,-7,5,1,63,36,70,-120,54,-102,82,93,-102,33,63,96,65,101,76,-43,7,29,-34,-127,-28,55,-33,68,79,18,37,-35,76,50,66,37,108,119,3,55,-65,-46,-30,102,-118,-58,51,12,12,-33,-100,-13,-12,-91,11,-97,27,125,80,86,-85,-73,65,48,-12,65,-19,3,58,-26,43,14,-47,73,58,41,-33,-34,-29,-87,-8,97,85,-110,63,-59,2,82,90,36,13,21,111,31,97,99,125,-114,-91,-114,83,-11,65,-111,116,111,59,68,113,-22,74,83,-40,66,29,-80,38,20,-80,-41,-103,116,37,28,41,-28,123,-73,28,42,-27,-51,-98,58,-43,119,124,-24,121,59,-72,104,81,-85,-70,-114,2,-121,-43,93,-122,-109,-22,102,-13,-84,-58,-128,57,32,-52,91,19,-30,94,10,-103,89,59,98,62,100,-9,110,58,-45,-116,-91,-46,97,-40,-89,-108,33,-116,22,92,-91,-55,-29,-91,78,-106,118,-118,-46,17,96,24,77,56,31,73,47,-56,15,18,-31,-118,74,-95,-69,116,-15,-32,-108,122,73,-108,125,57,-10,52,99,124,15,-44,75,120,9,-40,-55,-105,122,116,-8,0,40,-45,7,31,36,29,-49,-118,94,12,1,34,-4,15,-88,-107,4,-7,5,-101,73,85,-84,32,41,-122,15,-77,18,-11,7,-37,-20,48,-45,48,99,-108,125,29,90,-25,30,-39,50,-127,87,69,-26,113,-48,-97,28,-105,74,-44,-38,33,80,120,81,80,76,-76,37,26,-37,-48,-102,13,-57,-33,28,65,-17,104,91,9,113,65,-123,4,-59,-107,43,-51,-23,96,33,38,-58,29,-87,12,32,80,-33,-43,-78,-123,-20,-118,46,103,-118,-15,-63,31,-19,91,7,29,91,7,-1,-108,123,-37,-34,40,-99,-15,-88,-92,12,-86,-107,68,35,92,2,-20,-29,73,-1,50,-95,71,93,-97,-2,-11,-79,116,-67,113,44,-117,-50,90,-55,-60,91,16,-77,-79,-44,-5,-32,-78,-58,14,2,-65,43,118,-45,-41,27,106,-7,17,121,-74,-56,-72,-127,60,-33,-98,94,124,1,7,90,73,-102,-13,49,-18,110,55,56,56,43,-96,103,-10,-101,69,43,-55,39,23,64,36,47,110
120,-82,-112,-16,-98,-53,-42,-21,-60,77,-14,-39,44,36,117,-45,-43,29,24,-32,124,-24,-97,7,-31,-93,59,54,-7,116,-74,-123,-36,126,76,-6,-107,29,37,-40,90,-107,-1,66,106,-66,-19,-32,-32,-94,89,21,124,39,-82,-126,-75,55,-50,-124,87,72,8,-67,-117,107,13,-4,-120,-93,1,121,109,-121,-26,-20,39,-2,117,76,-13,-12,67,-120,118,87,-58,-74,34,30,-126,116,-112,-46,82,60,13,26,66,-5,-59,112,-121,119,95,27,-118,-47,47,19,80,71,44,-40,-100,51,75,42,-12,100,72,117,58,-92,115,7,-23,29,-64,111,90,56,58,-7,27,-89,115,-22,-118,-17,37,82,27,8,3,-106,-33,91,87,63,-23,88,35,94,-82,-28,-24,-82,-122,-74,118,93,-68,83,40,-120,38,4,-86,54,49,-2,103,31,8,-9,10,-84,59,34,33,-99,-105,-76,30,94,-119,44,-120,-118,48,46,-126,-55,-34,120,-8,54,-46,25,123,-91,35,57,-78,16,-114,78,37,-97,62,42,122,23,95,53,-52,71,35,29,64,24,-54,-107,74,-25,-45,42,19,-107,4,-109,-6,-9,41,-24,66,-52,-107,42,-113,25,103,102,-40,47,73,-65,-127,107,-50,-86,-35,64,-84,-27,-34,-94,1,-108,59,-54,121,49,-106,13,103,-72,-8,29,-87,-39,29,-123,-107,45,69,84,-87,-37,-74,-103,83,-97,-36,91,54,-83,78,74,77,-48,-109,126,-72,-98,-19,-1,43,100,98,1,-46,68,-122,29,1,113,-13,-82,-87,-113,70,-72,-119,114,-28,99,126,-59,30,-10,91,-62,57,82,55,-122,87,-78,-6,-61,-12,-49,17,-80,37,114,51,84,-96,-120,71,-42,-55,-71,58,120,96,119,-26,-116,27,-67,-101,95,5,56,-16,-94,43,93,-128,-56,43,-9,122,-23,-66,89,67,-43,29,-25,-48,34,-70,125,-19,-49,33,65,-87,15,34,-38,-32,-91,-56,39,70,-94,18,6,-7,60,-19,-37,34,-42,-82,89,72,-84,120,-60,-114,27,127,-43,-64,103,-54,123,116,107,82,43,59,79,-106,-31,-125,-42,-128,97,-79,47,1,-74,-35,-62,-125,-128,42,-122,-111,-112,118,-74,39,-91,14,95,-59,87,-17,108,-39,47,-94,-19,-28,86,46,-10,108,52,88,-21,99,43,56,53,60,-111,125,101,114,-94,-34,89,-98,121,27,115,-6,-91,-87,59,68,31,44,110,95,55,-5,-49,-43,23,-74,7,19,117,-122,109,10,119,-94,52,-66,31,-46,-92,-59,-74,-117,-70,121,-72,96,24,58,-16,-110,100,-126,-89,80,116,50,-4,-128,-17,-45,-8,37,-52,-100,-117,-84,-43,-127,-69,-8,1,96,-30,56,-79,40,-11,51,-68,-24,-83,114,-58,111,-33,85,-118,55,10,111,-108,-6,47,-46,-93,35,71,125,105,25,-46,-71,-55,54,4,-2,76,15,-40,18,53,-101,89,53,-9,17,70,116,-116,-107,-91,60,44,-81,77,91,88,5,95,0,74,-121,-3,-84,30,100,63,-5,104,-3,50,3,-68,35,84,11,98,-70,-120,110,-90,-104,-19,111,27,16,92,64,-38,-93,-56,-52,50,-94,-40,115,-56,-1,12,-1,99,-51,52,-30,-14
-104,89,-74,80,17,47,-20,19,-38,-14,88,-55,-112,-51,-78,20,-108,92,-105,33,-50,-50,-104,95,127,-67,105,51,-30,-85,-51,111,-98,57,39,33,24,-56,26,40,33,96,91,-24,-89,40,37,85,-42,-103,58,-118,34,21,-42,-112,-32,-104,-55,-127,4,-53,-113,87,108,-84,104,77,73,-17,-29,-72,-14,49,-87,-78,69,-29,-109,89,-94,-78,74,-120,-52,-56,78,100,122,-126,-7,-102,-22,-127,8,7,-40,103,-69,20,62,-29,78,-27,-101,121,-24,-25,-95,-26,113,73,48,-48,13,-3,13,-110,70,-73,75,71,-92,-22,-53,-26,-118,-40,-52,-41,98,121,98,-6,59,116,-87,-28,-83,26,40,-66,-19,-26,36,-6,2,-42,-60,1,106,86,66,103,-36,-91,-30,101,-3,56,-62,22,-58,-64,84,93,113,-78,-85,-31,83,37,83,16,-19,26,-19,108,-18,21,70,-67,43,116,-79,-23,-1,-111,29,-33,-103,-34,11,59,85,-31,49,21,-81,-105,-96,-64,22,81,-43,77,-41,40,26,102,23,117,67,88,25,19,-122,-114,123,-15,-100,0,47,-86,121,-13,-72,-38,-52,-27,-32,-49,70,-45,90,64,27,45,18,2,-60,51,-124,16,42,0,-62,126,-122,92,-71,99,87,-2,-51,27,-31,45,-107,-23,-33,73,-89,116,44,-121,-21,-13,-48,-35,17,-27,-17,124,-3,-84,83,-115,-86,-25,115,-50,-66,-38,88,-26,-119,-63,119,30,10,116,-77,-52,-82,-110,-5,91,-26,-78,2,-43,64,99,-25,63,-89,49,67,37,-99,125,53,-38,1,-90,-23,-12,-28,-98,-79,62,-61,-3,31,83,83,72,66,51,84,108,-71,-111,-56,90,-85,5,15,-1,114,59,109,70,61,103,-13,-6,47,-18,101,-107,-108,-23,21,3,-103,-108,-27,-114,-125,118,4,42,-72,74,126,-64,6,-99,-111,-10,-22,6,28,-53,65,-29,73,87,-121,-22,90,30,-89,-112,-61,32,-58,-39,-99,43,-25,112,-96,100,-31,-80,-36,-40,110,-13,-72,49,-60,63,38,95,-38,-120,22,42,-128,-101,-82,-66,-23,-40,-102,-31,109,11,-21,28,17,3,60,-107,68,123,-6,-66,71,67,-29,-3,112,-35,0,-128,-83,122,39,105,104,-6,59,-103,-62,-91,-67,24,77,81,-108,1,-97,79,122,-113,-68,-79,67,-121,-82,95,-109,-45,-76,24,-11,-43,78,38,6,-41,-106,53,83,-53,17,-97,-81,94,51,71,99,-49,126,-68,-55,-125,-65,-17,16,-120,9,-13,125,-93,22,-84,124,63,49,-20,3,3,-22,-128,-65,-126,122,-60,-53,-16,12,47,-71,60,26,30,124,0,-74,-101,-29,124,94,89,-49,90,-64,79,124,-99,48,70,-59,-23,-119,-100,-54,73,79,-7,-50,-28,-10,82,29,44,6,-118,19,-127,-60,-95,-56,-103,1,18,-64,109,79,-97,-96,-82,-114,24,108,-92,-17,-84,-95,-110,-60,-45,-7,-33,-122,-85,-108,-117,-53,34,121,-94,-22,-114,17,-28,52,-96,64,-69,34,-55,-89,-27,46,48,-80,-23,89,19,18,29,-49,-42,-14,93,47,8,127,-36,14,-10,-95,-32,-123,-71,127,-60,50,-60,-72,-116,-98,-47,-40,22,62,31,8,124,-30,103,49,100
11,-32,-42,96,-1,82,-69,-43,8,29,53,7,-121,82,60,0,-39,64,-94,62,85,-69,44,76,-15,-120,-54,-2,-78,-31,3,82,58,-68,110,38,64,74,-109,-124,-72,-17,-40,18,112,-12,-20,-35,32,-57,-95,-49,-16,91,-120,-27,-69,102,93,-59,-24,67,-43,-111,123,97,-67,4,-44,35,50,76,55,-17,13,-108,38,51,-102,-111,-116,-19,52,6,-115,58,71,-31,49,-92,-58,69,-15,47,-9,50,18,34,-125,-50,-86,-74,-98,86,109,23,118,65,-11,-32,-73,-124,83,66,23,29,20,83,-50,-9,-126,126,82,-52,-41,-7,-88,81,39,72,69,-59,21,36,58,-71,-78,34,-90,92,84,-37,-37,-105,-37,43,60,31,-78,-35,45,-128,4,48,57,-97,35,-68,-71,31,67,43,-79,-123,116,75,49,118,119,-128,80,-107,23,-33,7,97,-119,98,-113,100,98,-83,59,39,-102,39,43,19,93,-12,114,-106,-55,-115,-28,-67,-92,-127,111,-6,-39,-71,-39,75,54,44,-9,-70,89,30,-64,-31,-45,103,55,-35,96,113,39,-102,-68,-8,31,-113,104,-111,66,4,-36,-75,-41,13,-79,-97,124,111,1,-117,58,38,38,-109,-118,-17,73,-58,-23,-38,-17,115,116,77,-40,6,-128,96,1,-95,-87,84,71,-68,-70,22,-114,-5,-51,90,54,-114,-79,68,-48,-113,-29,15,58,39,-28,16,-4,125,-105,98,-125,46,-108,58,-86,40,-15,62,86,84,4,88,-3,-90,-22,81,25,-5,-127,9,57,-128,-8,-36,8,-32,-66,-90,-96,83,54,14,-26,-16,124,-118,-60,20,-126,-82,-31,36,127,27,-12,-6,120,-34,24,-69,-35,57,93,24,-82,-72,-113,-33,-28,-95,18,-7,-79,8,6,-14,-9,20,63,-82,119,-71,19,-83,-44,-24,-37,1,60,20,57,-15,-63,120,111,-6,19,57,-60,-50,87,-103,64,-1,53,-65,-97,-115,-125,-102,2,42,59,-117,73,3,-119,-125,23,0,-9,-2,-35,-4,28,-43,-29,-90,-85,101,-11,67,-122,76,84,75,-94,50,13,60,-122,0,21,118,-22,-102,-118,-127,18,-115,28,58,-103,-27,-116,-55,66,36,-26,-1,101,93,83,-33,39,-81,-33,-26,-45,23,124,94,-100,52,-128,-34,-126,98,9,-106,22,61,92,99,-70,-34,53,-93,5,-103,-17,102,37,-35,24,-102,-87,83,18,-9,32,48,-93,-19,83,-79,-65,-125,87,79,-31,50,-33,8,82,-23,-90,-48,-128,-18,96,8,61,-49,-111,36,69,-109,124,-20,0,-48,-15,-38,0,11,63,-91,-41,89,30,10,-87,56,-16,-34,54,-21,127,-60,-46,-34,-38,76,4,-81,-115,46,-121,-112,-15,55,-88,86,89,21,-100,-91,-46,109,-25,-40,8,-1,38,56,22,-46,-63,-47,-83,-17,-62,-108,89,98,78,89,-125,-20,11,-123,71,-39,17,-5,36,-103,17,104,-16,4,91,18,-75,118,-70,50,113,12,-66,-68,-78,89,7,-10,3,-96,-112,48,0,-75,14,-74,-42,-108,-61,-104,-87,-123,89,75,10,-7,88,-2,-127,95,5,-51,111,-11,-15,-80,116,93,-46,6,117,-82,114,76,13,-20,87,92,116,-47,14,-54,-106,66,-23,-128,8,-59
-109,47,-118,4,75,-49,113,-99,-47,81,89,18,55,42,-116,-124,-20,59,48,6,-127,37,-3,18,61,-74,62,97,-65,-124,112,27,76,36,-54,-67,106,-26,87,-50,-123,-81,-115,111,-53,115,98,78,30,-122,91,36,9,35,51,-86,42,-6,-124,-23,86,-26,-46,31,90,69,-96,-118,-94,18,37,56,51,-4,121,-26,89,120,-1,-114,84,57,6,-43,10,115,-56,11,8,34,27,40,33,-87,-27,-68,-84,-102,59,-96,-62,-41,92,-122,80,-103,-21,-109,62,-109,62,14,-55,-121,111,-92,-54,103,23,-68,80,-1,91,-47,112,-32,32,-47,-107,119,74,-102,53,76,-113,24,22,-50,6,52,124,-58,-70,107,-82,-99,-7,49,0,-72,-11,-32,-118,124,-35,-56,-93,-67,17,-51,-90,-12,36,115,118,-59,43,-96,-18,-53,80,-120,25,82,-112,-66,49,19,-86,51,60,-2,23,78,94,67,-70,-121,-92,-59,-104,-79,54,-111,-37,-114,-110,-104,-25,1,42,89,106,25,21,14,-77,93,73,-102,32,-98,5,50,-29,76,-100,30,50,10,-61,49,-17,-17,95,-54,60,-80,64,88,107,122,-37,-77,-57,-83,-56,98,29,83,38,122,1,20,-49,117,105,-120,35,0,-26,92,-75,-17,-92,45,-109,1,-72,-61,17,31,99,-106,-28,-8,-123,-117,99,-119,123,-65,76,115,53,25,119,9,-17,18,81,36,-75,56,4,28,-50,-81,36,-7,-33,-33,27,-95,95,79,-127,-54,-21,79,82,-57,95,119,-5,21,-12,-96,-22,-88,-3,8,-4,-49,13,124,-118,-103,43,1,-123,101,15,-55,49,0,-93,-15,-23,60,-1,-6,39,-104,-53,15,116,-45,-123,-103,92,72,-114,-115,-33,44,-76,21,99,-50,-94,-49,-16,79,-75,-18,-4,-36,87,-18,6,29,126,28,-79,5,7,-102,-25,-103,100,-37,79,73,-24,-111,-9,-71,82,-81,-16,-52,106,114,79,-45,97,-61,83,92,-3,-52,112,-18,-76,-27,-83,-72,-22,-23,98,70,112,-12,4,-24,-55,-95,-111,2,72,125,76,74,-39,-28,45,84,-104,-58,-67,-114,-52,-40,18,25,68,-29,44,-3,17,-69,-9,43,-78,-51,110,62,-97,-52,52,-77,-65,42,64,91,110,-46,19,33,127,-2,79,-3,-71,25,-128,107,22,71,71,48,-56,52,123,-50,-8,106,-77,-96,57,-74,75,-41,-7,-117,-109,18,-98,70,-9,-39,-26,113,-113,-63,-107,102,110,-89,-17,48,-25,-75,-55,94,64,33,125,100,118,-107,107,-88,-33,85,-102,77,-120,-114,9,53,28,119,7,-50,-79,-43,-113,-111,-111,37,81,119,1,67,-12,67,-27,6,-8,-7,36,-53,66,115,-10,122,100,25,-2,-113,-56,-60,31,76,-119,45,43,86,-23,-85,-81,122,-19,94,-70,6,-42,-118,-39,44,-106,118,-33,119,-126,-94,107,-44,68,29,9,60,76,15,95,-48,-7,-116,-117,-73,-37,-101,-97,58,16,-51,-26,-34,-48,-104,21,77,5,104,120,-30,-82,41,-20,88,49,-115,57,108,97,117,24,-99,-27,67,5,-40,-71,46,68,45,-28,-123,82,50,-81,2,20,-51,-4,-1,-45,-98,110,-97,55,52,21,93,45,107,43,-28
84,-10,-125,127,23,-55,36,-5,90,-57,-117,76,-89,59,114,101,9,-1,12,79,-39,-22,-104,-111,-52,27,88,-113,36,-16,-53,91,-106,-87,54,96,-84,-69,-95,-99,-94,-46,4,27,95,36,-103,-25,92,-21,-121,-54,-34,-128,65,-81,85,40,-86,-86,-101,83,-118,-82,99,-114,50,47,-34,-67,103,-1,18,-9,-123,-57,43,-54,-14,-121,15,-91,-104,-125,4,-91,-100,9,-67,-63,-84,-88,-34,108,-74,-122,98,-65,-20,-59,-76,-68,-110,40,-86,11,24,-92,-122,-96,-75,-108,44,-122,-122,-94,56,22,107,119,37,-99,36,-24,-113,103,-53,-22,-86,-27,17,73,-73,-102,97,-94,-82,96,-109,-110,33,-4,16,52,105,-115,96,68,-85,13,-48,-14,124,6,63,-100,100,20,56,82,-87,-26,101,117,-99,106,8,-38,46,102,120,9,-55,-51,34,62,-36,122,-45,-20,-121,-35,95,-60,-109,62,-85,26,29,-24,-115,76,108,43,63,76,-86,127,-71,-23,85,-47,-82,121,-93,-105,-40,-92,-106,125,46,-23,-52,-31,99,-2,118,54,-52,-59,7,-36,32,-95,14,-5,111,5,-39,1,22,112,-115,123,-54,94,-93,-91,-70,-83,58,6,-7,25,42,9,-43,60,127,57,127,96,91,-79,-89,50,-63,67,-30,113,-49,-115,26,-81,-43,94,-53,-95,99,-63,79,86,27,-41,33,-111,-65,56,-48,-89,51,-22,-89,67,-26,-93,-41,-12,-79,73,44,56,77,104,76,44,35,-56,81,12,-114,122,63,69,114,-68,-81,-78,-68,-62,-3,13,6,46,-63,-126,-121,86,-64,125,-91,-46,74,50,-55,-66,-35,-44,-37,-7,12,61,-119,-122,1,-74,-29,-18,123,79,118,35,27,125,54,92,27,-87,91,-52,-44,-14,-68,3,48,-91,-36,94,112,-4,-68,47,-30,51,-91,42,-108,7,14,-18,8,70,-77,16,-126,-19,-110,19,-27,-126,112,-43,-14,-4,62,-27,-33,7,105,34,71,-63,-1,-89,85,85,-97,91,104,36,41,20,68,20,-34,-42,106,-103,-74,99,98,59,-86,-60,90,37,-18,-101,-97,109,68,-62,-94,116,-124,-24,-58,109,-99,-110,-96,-27,1,59,-63,90,67,-43,-67,-7,-120,15,68,28,84,41,105,-1,-50,-56,-26,109,-60,-44,70,-90,-98,-69,-95,80,-70,53,-91,-107,-84,81,-1,-46,-44,124,49,-16,116,93,-71,108,93,17,9,-102,72,-8,-33,35,-107,-60,-2,-127,106,78,-105,34,90,-87,-62,67,71,39,0,116,127,100,-126,-25,84,-46,-46,-73,-69,35,94,38,43,-91,-5,19,-8,-116,-120,-115,-24,37,82,-21,68,94,-128,67,-30,-128,-109,-25,29,-67,-92,83,-76,-105,-45,61,71,124,-10,-53,91,123,-16,-86,26,-77,-80,-75,-125,-65,17,34,-31,-76,-88,-10,8,11,-47,21,12,-63,-27,23,-109,44,10,76,-126,69,-93,-97,44,-124,96,-104,5,-23,-93,42,61,-99,116,80,95,-127,-80,119,-11,98,-75,103,-87,-105,0,-94,100,72,85,-6,-59,104,36,-95,89,-96,-97,-107,-100,-73,-84,17,-128,29,34,79,-2,-103,-45,85,-123,124,-84,17,-62,-15,-79,101,22,35,42,-78,9,16,25,55
